Word,Frequency
the,202
+,147
of,116
and,98
is,82
-,60
to,51
a,51
The,46
are,46
0,44
for,43
in,35
we,32
WAM,32
Jacobian,31
t3,27
with,26
=,22
J,22
this,22
singularities,21
OUR,21
that,21
(23*sin(t2,21
1,20
In,20
on,20
as,19
by,19
joint,18
Figure,17
(,17
),17
"0,",17
.,16
be,16
singularity,15
6,15
Arm,15
%,15
which,14
[,14
kinematic,13
D-H,13
have,13
arm,13
shown,13
q,12
i,12
Smokie,11
control,11
two,11
end,11
parameters,11
determinant,11
function,11
A,10
can,10
robot,10
has,9
",",9
Table,9
manipulator,9
redundant,9
it,9
matrix,9
each,9
By,9
Singularity,9
Barrett,8
or,8
p,8
MATLAB,8
5,8
2,8
This,8
links,8
kinematics,8
ï€­,8
frame,8
configurations,8
t4,8
its,7
not,7
For,7
t4))/200,7
used,7
4,7
3,7
inverse,7
joints,7
matrices,7
find,7
at,7
paper,7
A.,7
7,7
B.,6
geometric,6
Robotics,6
there,6
revolute,6
det(,6
0],6
(23*cos(t2,6
effector,6
ğœ‹/2,6
jacobian,6
may,6
they,6
3ï±,6
t5))/400,6
result,6
these,6
WAM.,5
between,5
Robot,5
Kinematic,5
computed,5
velocities,5
more,5
derive,5
t3),5
reference,5
J.,5
design,5
their,5
O,5
problem,5
respect,5
position,5
Jacobians,5
code,5
sin(t2,5
all,5
DoF,5
âˆ’ğœ‹/2,5
Analysis,5
manipulators,5
method,5
Determinant,5
done,5
R,5
computation,5
first,5
use,5
rank,5
a.,5
equation,5
t3))/125,5
Matrix,5
cos(t2,5
manipulator.,5
t3))/10,5
ï‚´,4
ï€½,4
strategy,4
points,4
mechanisms,4
Creating,4
P,4
link,4
from,4
Joints,4
study,4
It,4
T,4
t3))/20,4
(9*sin(t2,4
many,4
Geometric,4
set,4
(3,4
end-effector,4
22,4
allocation,4
will,4
make,4
11,4
angles,4
based,4
Redundant,4
expressed,4
These,4
b,4
about,4
arms,4
e,4
As,4
Finally,4
p.,4
Where,4
linear,4
point,4
singular,4
"t4)*sin(t5))/200),",4
t3)*sin(t4))/200,4
derived,4
0Jï€½,4
command,4
algorithm,4
parallel,3
en,3
"manipulators,",3
constraints,3
S.,3
"Automation,",3
When,3
"""Singularity",3
transformation,3
section,3
BARRETT,3
IEEE,3
Trans.,3
1),3
ğœƒ5=,3
kinematics.,3
Manipulator,3
1ipï€­,3
coordinates,3
We,3
ğ’‚ğ’Š,3
ğœ¶ğ’Š,3
ğ’…ğ’Š,3
ğ‘–,3
ğœ½ğ’Š,3
into,3
And,3
Since,3
ğœ½ğŸ,3
ğœ½ğŸ,3
describe,3
four,3
ğœ½ğŸ‘,3
&,3
poses,3
figure,3
0.115,3
ğœ½ğŸ’,3
desired,3
Identification,3
ğœ½ğŸ“,3
1izï€­,3
such,3
origin,3
(6,3
vectors,3
SINGULARITY,3
vector,3
angular,3
discuss,3
calculated.,3
shown.,3
full,3
motion,3
wrist,3
Conference,3
robots.,3
chosen,3
Transfer,3
previous,3
gets,3
3)ï‚´,3
part,3
robot.,3
an,3
AND,3
choose,3
try,3
Singularities,3
"So,",3
general,3
mechanical,3
matrices.,3
"sin(t1),",3
Det(J11),3
direct,3
International,3
Whole,3
show,3
both,3
"-cos(t1),",3
block,3
different,3
been,3
325,3
analyzing,3
matrix.,3
than,3
I,3
velocity,2
blocks,2
2ï±,2
want,2
base,2
less,2
configuration.,2
zero.,2
answers,2
imaginary,2
No,2
termed,2
decoupled,2
most,2
mapping,2
order,2
get,2
compute,2
D.,2
"matrices,",2
see,2
velocities.,2
real,2
If,2
components,2
F.,2
21,2
ğœ½ğŸ”,2
0.3,2
-0.045,2
âˆš0.552+0.0452,2
Parameters,2
ppï€½,2
convention.,2
solve,2
JACOBIAN,2
4:,2
finding,2
3:,2
L.,2
ïƒ»,2
given,2
fixed,2
III.,2
Kinematics,2
Matrice,2
approximately,2
ep,2
unit,2
ea,2
"es,",2
variables,2
out,2
ïƒ«ïƒ»,2
s,2
derived.,2
similar,2
spherical,2
orientation,2
Appendix,2
seen,2
run,2
w,2
are:,2
Matrices,2
probable,2
Trans(,2
space.,2
ï±,2
onto,2
advantage,2
projection,2
space,2
configuration,2
obvious,2
215.0*sin(t2,2
trajectories,2
serial,2
instantaneous,2
t4),2
57.5*cos(t2,2
K.,2
itâ€™s,2
doesnâ€™t,2
%%%%%%%,2
third,2
approaches,2
[3],2
sin(,2
â€“effector,2
Therefore,2
below,2
singularities.,2
systems,2
lower,2
0),2
ğœƒ3=,2
think,2
generally,2
7-DoF,2
forward,2
Near,2
multivariable,2
"30,ï±ï°ï€½",2
=>,2
0ï±ï€½,2
derivative,2
[4],2
[7],2
"50,ï±ï°ï€½",2
our,2
Wrist,2
A4,2
A5,2
A6,2
z,2
by:,2
joint-variables,2
behavior,2
JJJ,2
328,2
as:,2
column,2
feasible,2
327,2
C.,2
After,2
[8],2
Computation,2
6nï‚´,2
326,2
A3,2
A2,2
"Trans(0,",2
1:6,2
Transformation,2
analytical,2
column.,2
exists,2
selecting,2
allows,2
ï00,2
ï›,2
i=,2
A1,2
)i,2
)...,2
conclude,2
02,2
arms.,2
Inserting,2
fourth,2
three,2
Control,2
view,2
proper,2
assign,2
"2759*cos(t2)))/5000,",2
"1,",2
structure,2
using,2
"singularities,",2
control.,2
They,2
cos(t1)*((3*cos(t2,2
low,2
purpose,2
2.,2
very,2
convention,2
named,2
possible,2
1.,2
"(2759*sin(t2))/5000),",2
DOF,2
[1],2
"t3))/20),",2
"revolute,",2
lightweight,2
kg,2
advanced,2
-sin(t1)*((23*cos(t2,2
joints.,2
Each,2
With,2
therefore,2
arises,2
no,2
(43*sin(t2))/100,2
plots,2
1:,2
1)Links,2
Reza,2
Joint,2
discussion,2
determinants.,2
All,2
University,2
deriving,2
2:,2
2)D-H,2
links.,2
sin(t5)*((23*cos(t2,2
here,2
t3)*cos(t4))/200),2
how,2
attached,2
meet,2
"t3)*cos(t4))/200),",2
-cos(t1)*((23*cos(t2,2
one,2
system,2
(42*sin(t2,2
robots,2
under,2
solution,2
2250*cos(t2,2
sin(t1)*((3*cos(t2,2
literature,2
represents,2
high,2
so,2
(3*sin(t2,2
"t5))/400,",2
"Jacobian,",2
1994.,2
-sin(t2,2
force,2
introduced,2
denoted,2
through,2
schemes,2
survey,2
First,2
(9*cos(t2,2
dexterous,2
G.,2
only,2
(42*cos(t2,2
"WAM,",2
derivation,2
arm.,2
interconnection,2
industrial,2
DoFs.,2
axis,2
rotation,2
Manipulation,2
OUR.,2
"-sin(t1),",2
"cos(t1),",2
focus,1
behaviour,1
oscillatory,1
9:,1
"function,",1
narrow,1
cos(t5)*(cos(t1)*cos(t2)*sin(t3),1
But,1
other,1
324,1
Itâ€™s,1
"cos(t4)*sin(t1),",1
t3)*cos(t4)*sin(t5)],1
above,1
t3)*cos(t5),1
Signals).,1
"t3)*sin(t4),",1
=329,1
Singularity.,1
figure(9),1
(the,1
(7,1
makes,1
number,1
t3)*sin(t1)*sin(t4))/200,1
shows,1
"figure(8),",1
(43*cos(t2)*sin(t1))/100,1
frequencies,1
det(J11).,1
great,1
frequency),1
(23*cos(t1)*cos(t5))/200,1
(23*cos(t1))/200,1
(Same,1
(42*sin(t1)*sin(t2)*sin(t3))/125,1
t4)*sin(t1)*sin(t5))/200,1
dominant,1
7:,1
plotting,1
cos(t4)*(cos(t1)*sin(t2)*sin(t3),1
red,1
â€œdetâ€,1
5ï±,1
sin(t5)*(cos(t1)*sin(t4),1
145,1
"cos(t2)*cos(t3)*sin(t1)),",1
"wrist,",1
total,1
determinant.,1
sin(t4)*(sin(t1)*sin(t2)*sin(t3),1
cos(t1)*cos(t4),1
"t3)*sin(t1),",1
followed,1
simplified,1
"234,,ï±",1
det(J),1
168.0*sin(t2)),1
1.0*t3),1
is:,1
0.00014448*sin(t5)*(168.0*sin(t2,1
2.0*t3),1
2.0*t3,1
cos(t4)*(sin(t1)*sin(t2)*sin(t3),1
JACOBIANS,1
"t3),",1
2)Wrist,1
circle,1
range,1
angle,1
=326,1
cos(t1)*cos(t3)*sin(t2)),1
sin(t5)*(sin(t1)*sin(t4),1
Â°,1
8:,1
Narrowed,1
cos(t1)*cos(t2)*cos(t3)))],1
VII.,1
sets,1
det22,1
found.,1
-sin(t5),1
cos(t3)*sin(t1)*sin(t2))],1
singularities:,1
solving,1
cos(t5)*(cos(t2)*sin(t1)*sin(t3),1
cos(t2)*cos(t3)*sin(t1))),1
"Manipulators,",1
accuracy,1
300-301,1
0.1490*cos(t2)*cos(t3)^2),1
accordance,1
above.,1
Up-Left,1
"matrice,",1
"(23*cos(t4)*cos(t5)*sin(t1)*sin(t2)*sin(t3))/200,",1
names,1
(23*cos(t3)*cos(t5)*sin(t1)*sin(t2)*sin(t4))/200,1
az,1
(23*cos(t2)*cos(t5)*sin(t1)*sin(t3)*sin(t4))/200,1
(23*cos(t2)*cos(t3)*cos(t4)*cos(t5)*sin(t1))/200,1
(23*cos(t1)*sin(t5))/200,1
det11,1
Det11=,1
0.1117*sin(t2),1
120-121,1
0.0913*cos(t2)*cos(t3),1
0.1370*cos(t2)*sin(t3),1
0.074493*cos(t2),1
Mechatronics,1
0.0621*cos(t3)^2*sin(t2),1
0.1490*cos(t3)*sin(t2)*sin(t3),1
0.0621*cos(t2)*cos(t3)*sin(t3),1
sin(t1)*((42*sin(t2,1
"(42*cos(t1)*cos(t2)*cos(t3))/125,",1
t3)*cos(t1)*cos(t4))/200,1
t3)*cos(t1)*sin(t4))/200,1
understand,1
t4)*cos(t1)*sin(t5))/200,1
"A,",1
"(43*cos(t2))/100,",1
"t3))/125,",1
Singularity6,1
"choice,",1
overall,1
becomes,1
triangular,1
"case,",1
greatly,1
"simplified,",1
"t4),",1
product,1
determinants,1
diagonal:,1
cos(t1)*cos(t5)],1
)det(,1
)J,1
Jï€½,1
decouping,1
t4)*sin(t1)*sin(t5),1
achieved.,1
determining,1
"Singularities,",1
:,1
"t4)*sin(t1),",1
t4)*cos(t1)*sin(t5)],1
cos(t5)*sin(t1),1
"t4)*cos(t1),",1
of:,1
1)WAM,1
dependent,1
(42*cos(t1)*sin(t2)*sin(t3))/125,1
complicated,1
command.,1
where,1
equal,1
6:,1
3-D,1
plot,1
od,1
feterminant,1
To,1
"zero,",1
used.,1
calculates,1
"discretely,",1
1Â°,1
zero,1
steps.,1
10âˆ’6,1
(supposed,1
zero),1
cause,1
42,1
cos(t1)*((42*sin(t2,1
222,1
72-73-74-75-76-77-78,1
"(42*cos(t2)*cos(t3)*sin(t1))/125,",1
252-253-254-255-256-,1
t3)*cos(t4)*sin(t1))/200,1
257-258,1
figure(6),1
â€œMeshgridâ€,1
equation.,1
"written,",1
(23*cos(t5)*sin(t1))/200,1
(43*cos(t1)*cos(t2))/100,1
(23*sin(t1))/200,1
0.,1
â€œSolveâ€,1
Command,1
MATLAB.,1
"(23*cos(t1)*cos(t4)*cos(t5)*sin(t2)*sin(t3))/200,",1
"shows,",1
(23*cos(t1)*cos(t3)*cos(t5)*sin(t2)*sin(t4))/200,1
part.,1
>>,1
"solve(det11,t2)",1
ans,1
pi*k,1
(log(-(exp(t3*i)*2759*i,1
(23*cos(t1)*cos(t2)*cos(t5)*sin(t3)*sin(t4))/200,1
1500,1
2250*i)/(exp(t3*i)*2759*i,1
(23*sin(t1)*sin(t5))/200,1
exp(t3*2*i)*(1500,1
(23*cos(t1)*cos(t2)*cos(t3)*cos(t4)*cos(t5))/200,1
2250*i)))*i)/2,1
"answers,",1
making,1
Sure,1
Code,1
intersect,1
pure,1
"line,",1
"DoF,",1
"10,",1
meth,1
od.,1
Compared,1
"method,",1
computational,1
economical.,1
vol.,1
fast,1
track,1
formulating,1
"problems,",1
"utomation,",1
flexible,1
allow,1
"Robots,""",1
Isolated,1
Bifurcations,1
"""Differential",1
"Kieffer,",1
optimization,1
Denavit-Hartenberg,1
upon.,1
contro,1
l,1
[6],1
"Wellington,.",1
Victoria,1
constructed,1
tackled,1
Choosing,1
Computer,1
"â€“10,",1
W.,1
easily,1
2010.,1
any,1
"Systems,",1
pose.,1
Robots,1
Intelligent,1
physical,1
joint-angles,1
restrict,1
IEEE/RSJ,1
"Offsets,""",1
Link,1
poses.,1
analytically,1
7DoF,1
worked,1
Inverse,1
â€™cosineâ€™,1
type.,1
H.Y.K.,1
Lau,1
L.C.C.Wai,1
Solution,1
Analytical,1
"""An",1
studied,1
"Claassens,",1
"Science,",1
Statistics,1
H.Y.K,1
980,1
Do,1
"IEEE,",1
F,1
Proc.,1
"Mechanisms,""",1
"robot,",1
"Zlatanov,",1
SMOKIE,1
R.,1
"determinants,",1
detailed,1
1990.,1
Different,1
regions.,1
"â€“290,",1
281,1
CAD,1
3D,1
schematically.,1
XI.,1
EFERENCES,1
"Chains,""",1
Loop,1
Closed,1
"Gosselin,",1
[2],1
"Siciliano,",1
Modelling,1
2000.,1
thoroughly,1
identification,1
"Mathematics,",1
"â€“985,",1
effectively,1
School,1
no.,1
"Manipulators,""",1
ngularities,1
"""Si",1
"Donelan,",1
switch,1
appropriate,1
P.,1
suitable,1
[5],1
2001.,1
"â€“311,",1
301,1
"â€“Parallel,""",1
Serial,1
situations.,1
basis,1
computer-based,1
feedback,1
controlle,1
Composite,1
"Simaan,",1
r.,1
X.,1
M.,1
N.,1
CONCLUSION,1
Cartesian,1
circles,1
cos(t1)*cos(t2)*cos(t3)),1
yet.,1
CONFIGURATIONS,1
figures,1
(cos(t1)*(1500*sin(t2,1
Ï€),1
schematic.,1
10:,1
8,1
11:,1
"figures,",1
13:,1
14:OUR,1
12:,1
Shoulder,1
9,1
IX.,1
EDUNDAN,1
KINEMATIC,1
ALLOCATION,1
SCHEMES,1
FO,1
then,1
(IK),1
solutions,1
"Often,",1
IK,1
problems,1
solved,1
iteratively,1
methods,1
VIII.,1
discussed,1
pseudoinverse,1
multiple,1
sin(t4)*(cos(t1)*sin(t2)*sin(t3),1
donâ€™t,1
"t3)*cos(t1),",1
Because,1
"useless,",1
since,1
lot,1
situation,1
manipulation,1
should,1
avoid,1
them.,1
â€œsolveâ€,1
"MATLAB,",1
results,1
always,1
contains,1
"Springer,",1
answer.,1
intersections,1
would,1
"t3))/10,",1
happen,1
reality,1
"(2759*cos(t2))/5000,",1
singularity.,1
Also,1
UR5,1
properties.,1
rely,1
transpose.,1
"Lau,",1
Sad,1
Jonathan,1
Claassens,1
Upper,1
"control,",1
An,1
mechanics,1
Degrees,1
Freedom,1
robotics:,1
Introduction,1
"Craig,",1
offsets,1
[9],1
Singapore.,1
"2002,",1
obtain,1
"Vision,,",1
"Control,",1
Seventh,1
(both,1
"WAM,""",1
-based,1
"""A",1
in-,1
elbow,1
out-elbow),1
provided.,1
completely,1
determined,1
Singh,1
dle,1
slow,1
Giresh,1
sometimes,1
suffer,1
issues.,1
Redundancy,1
Allocation,1
select,1
optimal,1
-(sin(t1)*(1500*sin(t2,1
PPENDIX,1
XII.,1
10,1
combination,1
redundancy,1
degree,1
resource,1
2005.,1
while,1
"Hall,",1
maximizing,1
reliability.,1
unpredictable,1
varying,1
Pearson/Prentice,1
USA:,1
"environment,",1
researchers,1
"NJ,",1
"River,",1
scholars.,1
build,1
sin(b),1
according,1
consider,1
assuming,1
"study,",1
s.,1
freedom,1
degrees,1
designate,1
identify,1
stable.,1
guaranteed,1
unmatched,1
joint-torque,1
"joints,",1
motors,1
capability,1
direct-drive,1
rotational,1
6DOF,1
available,1
v,1
"paper,",1
GEOMETRIC,1
0.06,1
calculated,1
"coordinates,",1
assigning,1
H,1
D-,1
"procedure,",1
same,1
Exactly,1
Axis,1
"Links,",1
dimensions,1
ersion,1
robotic,1
commercially,1
non-local,1
"backlash,",1
cabled,1
patented,1
including,1
"systems,",1
cable-drive,1
aluminum,1
like,1
human-,1
(7-DOF),1
of-freedom,1
7-degree-,1
ğœ½ğŸ”B.,1
-0.145,1
0.336,1
0.145,1
"differential,",1
extremely,1
backdrivable,1
"friction,",1
highly,1
3.,1
trajectory,1
precision,1
"techniques,",1
"(WAM),",1
implementing,1
platform,1
ideal,1
performance.,1
bandwidth,1
contribute,1
characteristics,1
transmissions.,1
stiff,1
Direct,1
were,1
homogeneous,1
pï€­ï€­ï€½,1
OiJ,1
PiJ,1
Jïƒ©ïƒ¹ï€½ïƒªïƒºïƒ«ïƒ»,1
OJ,1
6p,1
).,1
66ï‚´,1
vectors.,1
31ï‚´,1
partitioned,1
matrice,1
showed,1
by-step,1
step-,1
define,1
11()Pi,1
Oi,1
(ğ‘‡ğ‘’ğ‘(ğ‘)),1
iJzï€­ï€½,1
INEMATIC,1
K,1
IV.,1
1Tzï€½,1
zï€­,1
neede,1
Vectors,1
5:,1
1Tpï€½,1
pï€­,1
nT,1
elements,1
Figure(5),1
"reference,",1
Base,1
(n=6),1
consist,1
Both,1
variables.,1
differential,1
goal,1
Kinematicsâ€,1
â€œDifferential,1
frame.,1
"effector,",1
x,1
(n,1
qTqïƒ©ïƒ¹ï€½ïƒªïƒº,1
1b,1
)(),1
2017ï€ ,1
Abstract,1
base.,1
describes,1
relationship,1
described,1
"matrix,",1
pv,1
ïƒªïƒºïƒ«ïƒ»,1
ïƒªïƒº,1
ïƒ©ïƒ¹ï€½,1
ï‚´ïƒ©ïƒ¹,1
ï·ï‚´ï‚´,1
qJ,1
OnnJ,1
depends,1
n,1
)()Pn,1
1)(3,1
ï·,1
tend,1
"total,",1
0.43,1
â€”,1
presented,1
Tennessee,1
Abdolmalaki,1
Yazdanpanah,1
schematic,1
Next,1
specified.,1
limits,1
Then,1
shedlight,1
jacobians,1
avoided.,1
identifying,1
must,1
So,1
solutions.,1
infinite,1
es,1
"Knoxville,",1
called,1
TN,1
"rotary,",1
solely,1
considered,1
chain.,1
form,1
connected,1
composed,1
computer,1
operating,1
Manipulators,1
II.MANIPULATORS,1
ryazdanp@vols.utk.edu).,1
(e-mail:,1
USA,1
37996,1
anymore.,1
arbitrary,1
"reduced,",1
mobility,1
version,1
discusses,1
HIS,1
INTRODUCTION,1
I.,1
"Robot,",1
â€”Geometric,1
Terms,1
Index,1
provided,1
Schematic,1
determinent.,1
Jâ€™s,1
deficient,1
rank-,1
modelling,1
project,1
here.,1
rank-deficient.,1
At,1
manipulation.,1
topic,1
important,1
Avoiding,1
Singularities.,1
reveals,1
having,1
analysis,1
matrice.,1
"systematic,",1
procedure,1
follow,1
"parameters,",1
also,1
"joint,",1
transformations.,1
Starting,1
DH-convention,1
commonly,1
Dimensions,1
"links,",1
capability.,1
~180Â°,1
âˆ’180Â°,1
other.,1
consecutive,1
connects,1
consists,1
azdanpanah,1
Y,1
tt,1
Barre,1
defines,1
inertial,1
"ğ‘ğ‘–,",1
"frame,",1
basic,1
ğ‘¡ğ‘œ,1
âˆ’,1
transforms,1
ğ‘›],1
"[1,",1
âˆˆ,1
defined,1
ğœƒğ‘–,1
"ğ›¼ğ‘–,",1
"ğ‘‘ğ‘–,",1
"ğ‘ğ‘–,",1
every,1
assigned,1
additional,1
Derivation,1
6-DoFs.,1
designed,1
standard,1
Robots.,1
manufactured,1
6-DOF,1
"low-cost,",1
section.,1
(WAM),1
Manipulators:,1
adjacent,1
displacement,1
relative,1
represent,1
"qi,",1
"variables,",1
li+1.,1
li,1
weight,1
18.4,1
reach,1
modularized,1
requirements.,1
DoFs,1
4-7,1
reconfigure,1
users,1
enables,1
â€™s,1
85,1
performance,1
comparable,1
cost,1
payload,1
maximal,1
cm,1
While,1
implications,1
"4,5",1
"T2(1:3,3);",1
"A1(1:3,3);",1
z1=,1
[0;0;1];,1
z0=,1
zi,1
create,1
computing,1
A1*A2*A3*A4*A5*A6;,1
T6=,1
A1*A2*A3*A4*A5;,1
T5=,1
A1*A2*A3*A4;,1
T4=,1
A1*A2*A3;,1
T3=,1
z2=,1
z3=,1
T2=,1
"T3(1:3,3);",1
simplify,1
"program,",1
E.,1
"P=T6(1:3,4);",1
"p5=T5(1:3,4);",1
"p4=T4(1:3,4);",1
"p3=T3(1:3,4);",1
"p2=T2(1:3,4);",1
"p1=A1(1:3,4);",1
p0=[0;0;0];,1
pi,1
"T5(1:3,3);",1
z5=,1
"T4(1:3,3);",1
z4=,1
A1*A2;,1
%Creating,1
arise,1
"-0.45,pi/2,0,t3);",1
"-pi/2,0,t1);",1
-H,1
D,1
code.,1
manually,1
insert,1
];,1
c;,1
round(cos(b)),1
a*sin(d);,1
cos(d)*sin(b),1
cos(d)*round(cos(b)),1
sin(d),1
a*cos(d);,1
sin(d)*sin(b),1
"Trans(0.5518,0,0,t2);",1
"-pi/2,0.3,t4);",1
T6.,1
"Trans(0,pi/2,0,t5);",1
Aee0,1
"them,",1
postmultiplying,1
Aiiâˆ’1,1
transfer,1
creating,1
"Trans(0,0,0.115,t6);",1
"Trans(0,pi/2,0.115,t5);",1
"pi/2,0.115,t4);",1
"Trans(0,-",1
"-0.145,t3);",1
"Trans(0.336,0,",1
"Trans(0.43,0,0.145,t2);",1
"Trans(0,pi/2,0,t1);",1
"Trans(0,0,0,t6);",1
concise,1
equations.,1
blocksâ€™,1
ïƒª,1
ïƒ¹ï€½ï€½ïƒª,1
ïƒ©,1
ïƒ¹,1
Jïƒ©,1
220,1
12,1
Jacoubian,1
zeo,1
up-right,1
choosing,1
axes.,1
intersection,1
convenient,1
"kinematics,",1
frames,1
ïƒº,1
ïƒºïƒ«,1
computed.,1
ïƒ«,1
"3,",1
Frames,1
matter,1
"3,4,5,",1
"Zi,",1
wippï€­,1
ğŸ,1
Editet,1
60dï€½,1
fact,1
change.,1
table,1
line,1
last,1
"),",1
depend,1
do,1
typical,1
wrist.,1
z3,1
z2,1
z1,1
z0,1
-p5);,1
"-p4),cross(z5,P",1
"cross(z4,P",1
"-p3),",1
"-p2),cross(z3,P",1
"cross(z2,P",1
"-p1,",1
"-p0),cross(z1,P",1
"[cross(z0,P",1
simplify(,1
J=,1
z4,1
z5,1
]),1
det11=simplify(det(J11));,1
anthropomorphic,1
program,1
running,1
SINGULARITIES,1
VI.,1
det22=simplify(det(J22));,1
det00=simplify(det(J));,1
(3*3),1
Calculation,1
simpler.,1
help,1
Simplify,1
"J22=J(4:6,4:6);",1
"J11=J(1:3,1:3);",1
sin(d)*round(cos(b)),1
"(ICROM),",1
cos(d),1
loss,1
"image,",1
dimension,1
reduces,1
drop,1
literature.,1
robotics,1
referred,1
i.e.,1
"velocities,",1
generalized,1
conversion,1
freedom:,1
1)Loss,1
[5]:,1
reasons,1
representing,1
degrees.,1
posture,1
2)Workspace:,1
associated,1
usually,1
types,1
topological,1
numbers,1
regions,1
separate,1
Interior,1
case.,1
converse,1
though,1
"mapping,",1
necessarily,1
"workspace,",1
boundary,1
several,1
perspective,1
engineering,1
importance,1
distinction,1
kinematics).,1
(inverse,1
articular,1
defining,1
constraint,1
those,1
fully,1
whereas,1
"interest,",1
mapping/forward,1
derivative.,1
deficiency,1
phenomena,1
local,1
classes,1
was,1
recognized,1
Simaan,1
â€“parallel,1
serial/in,1
hybrid,1
analyze,1
ideas,1
Shoham,1
al,1
Gosselin,1
et,1
Zlatanov,1
refined,1
subsequently,1
[2]and,1
Angeles,1
change,1
some,1
theta),1
CODE,1
characteristics.,1
specific,1
possessing,1
aspect,1
Another,1
effector.,1
fine,1
capacity,1
load-bearing,1
realised,1
small,1
movement,1
large,1
"configuration,",1
advantage:,1
V.,1
EXPLANATION,1
componen,1
written,1
d,1
alpha,1
(a,1
Homogeneous,1
"Tehran,",1
"a,b,c,d",1
"Iran,",1
],1
5th,1
Trans.m,1
output:,1
iAï€­,1
1i,1
Input,1
Matlab,1
4)Mechanical,1
near,1
torques,1
forces,1
path,1
traverse,1
require,1
Rate,1
manipulators.,1
variety,1
control:,1
3)Loss,1
[6].,1
workspace,1
information,1
valuable,1
provides,1
knowledge,1
t,1
rate,1
determine,1
required,1
become,1
intolerable,1
well-adapted,1
"algorithms,",1
"Conversely,",1
great.,1
unsustainably,1
accelerations,1
means,1
fails,1
either,1
conditioned,1
ill-,1
"singularity,",1
(known),1
t4)*sin(t5)],1
