Word,Frequency,Dominant Topic
the,202,1
+,147,1
of,116,1
and,98,1
is,82,1
-,60,1
to,51,2
a,51,1
The,46,1
are,46,1
0,44,1
for,43,1
in,35,1
we,32,1
WAM,32,1
Jacobian,31,1
t3,27,1
with,26,1
=,22,1
J,22,1
this,22,1
singularities,21,1
OUR,21,1
that,21,1
(23*sin(t2,21,1
1,20,1
In,20,1
on,20,1
as,19,1
by,19,1
joint,18,1
Figure,17,1
(,17,1
),17,1
"0,",17,1
.,16,1
be,16,1
singularity,15,1
6,15,1
Arm,15,1
%,15,1
which,14,1
[,14,1
kinematic,13,1
D-H,13,1
have,13,1
arm,13,1
shown,13,1
q,12,1
i,12,2
Smokie,11,1
control,11,1
two,11,1
end,11,1
parameters,11,1
determinant,11,1
function,11,1
A,10,1
can,10,1
robot,10,1
has,9,1
",",9,1
Table,9,1
manipulator,9,1
redundant,9,1
it,9,1
matrix,9,1
each,9,1
By,9,1
Singularity,9,1
Barrett,8,1
or,8,2
p,8,1
MATLAB,8,1
5,8,2
2,8,1
This,8,2
links,8,1
kinematics,8,1
ï€­,8,1
frame,8,2
configurations,8,1
t4,8,1
its,7,1
not,7,1
For,7,1
t4))/200,7,1
used,7,1
4,7,1
3,7,1
inverse,7,1
joints,7,1
matrices,7,1
find,7,1
at,7,1
paper,7,1
A.,7,1
7,7,1
B.,6,1
geometric,6,1
Robotics,6,1
there,6,1
revolute,6,1
det(,6,1
0],6,1
(23*cos(t2,6,1
effector,6,1
ğœ‹/2,6,1
jacobian,6,1
may,6,1
they,6,1
3ï±,6,1
t5))/400,6,1
result,6,1
these,6,1
WAM.,5,1
between,5,1
Robot,5,1
Kinematic,5,1
computed,5,1
velocities,5,1
more,5,1
derive,5,1
t3),5,1
reference,5,1
J.,5,1
design,5,1
their,5,1
O,5,1
problem,5,1
respect,5,1
position,5,1
Jacobians,5,1
code,5,2
sin(t2,5,1
all,5,1
DoF,5,1
âˆ’ğœ‹/2,5,1
Analysis,5,1
manipulators,5,1
method,5,1
Determinant,5,1
done,5,1
R,5,1
computation,5,1
first,5,1
use,5,1
rank,5,1
a.,5,1
equation,5,1
t3))/125,5,1
Matrix,5,1
cos(t2,5,1
manipulator.,5,1
t3))/10,5,1
ï‚´,4,1
ï€½,4,1
strategy,4,1
points,4,1
mechanisms,4,1
Creating,4,1
P,4,1
link,4,1
from,4,1
Joints,4,1
study,4,1
It,4,1
T,4,1
t3))/20,4,1
(9*sin(t2,4,1
many,4,1
Geometric,4,1
set,4,1
(3,4,1
end-effector,4,1
22,4,1
allocation,4,1
will,4,1
make,4,1
11,4,1
angles,4,1
based,4,1
Redundant,4,1
expressed,4,1
These,4,1
b,4,1
about,4,1
arms,4,1
e,4,1
As,4,1
Finally,4,1
p.,4,1
Where,4,1
linear,4,1
point,4,1
singular,4,1
"t4)*sin(t5))/200),",4,1
t3)*sin(t4))/200,4,1
derived,4,1
0Jï€½,4,1
command,4,1
algorithm,4,1
parallel,3,1
en,3,1
"manipulators,",3,1
constraints,3,1
S.,3,1
"Automation,",3,1
When,3,1
"""Singularity",3,1
transformation,3,1
section,3,1
BARRETT,3,1
IEEE,3,1
Trans.,3,1
1),3,1
ğœƒ5=,3,1
kinematics.,3,1
Manipulator,3,1
1ipï€­,3,1
coordinates,3,1
We,3,1
ğ’‚ğ’Š,3,1
ğœ¶ğ’Š,3,1
ğ’…ğ’Š,3,1
ğ‘–,3,1
ğœ½ğ’Š,3,1
into,3,1
And,3,1
Since,3,1
ğœ½ğŸ,3,1
ğœ½ğŸ,3,1
describe,3,1
four,3,1
ğœ½ğŸ‘,3,1
&,3,1
poses,3,1
figure,3,1
0.115,3,1
ğœ½ğŸ’,3,1
desired,3,1
Identification,3,1
ğœ½ğŸ“,3,1
1izï€­,3,1
such,3,1
origin,3,1
(6,3,1
vectors,3,1
SINGULARITY,3,1
vector,3,1
angular,3,1
discuss,3,1
calculated.,3,1
shown.,3,1
full,3,1
motion,3,1
wrist,3,1
Conference,3,1
robots.,3,1
chosen,3,1
Transfer,3,1
previous,3,1
gets,3,1
3)ï‚´,3,1
part,3,1
robot.,3,1
an,3,1
AND,3,1
choose,3,1
try,3,1
Singularities,3,1
"So,",3,1
general,3,1
mechanical,3,1
matrices.,3,2
"sin(t1),",3,1
Det(J11),3,1
direct,3,1
International,3,1
Whole,3,1
show,3,1
both,3,1
"-cos(t1),",3,1
block,3,1
different,3,3
been,3,1
325,3,1
analyzing,3,1
matrix.,3,1
than,3,1
I,3,1
velocity,2,1
blocks,2,1
2ï±,2,1
want,2,2
base,2,1
less,2,1
configuration.,2,1
zero.,2,1
answers,2,1
imaginary,2,1
No,2,1
termed,2,1
decoupled,2,1
most,2,1
mapping,2,1
order,2,1
get,2,1
compute,2,1
D.,2,1
"matrices,",2,1
see,2,1
velocities.,2,1
real,2,1
If,2,1
components,2,1
F.,2,1
21,2,1
ğœ½ğŸ”,2,1
0.3,2,1
-0.045,2,1
âˆš0.552+0.0452,2,1
Parameters,2,1
ppï€½,2,1
convention.,2,1
solve,2,1
JACOBIAN,2,1
4:,2,1
finding,2,1
3:,2,1
L.,2,1
ïƒ»,2,1
given,2,2
fixed,2,1
III.,2,1
Kinematics,2,1
Matrice,2,1
approximately,2,1
ep,2,1
unit,2,1
ea,2,1
"es,",2,1
variables,2,1
out,2,1
ïƒ«ïƒ»,2,1
s,2,1
derived.,2,1
similar,2,1
spherical,2,1
orientation,2,1
Appendix,2,1
seen,2,1
run,2,1
w,2,1
are:,2,1
Matrices,2,1
probable,2,1
Trans(,2,1
space.,2,1
ï±,2,2
onto,2,1
advantage,2,1
projection,2,1
space,2,1
configuration,2,1
obvious,2,1
215.0*sin(t2,2,1
trajectories,2,1
serial,2,1
instantaneous,2,1
t4),2,1
57.5*cos(t2,2,1
K.,2,1
itâ€™s,2,1
doesnâ€™t,2,1
%%%%%%%,2,1
third,2,1
approaches,2,1
[3],2,1
sin(,2,1
â€“effector,2,1
Therefore,2,1
below,2,1
singularities.,2,1
systems,2,1
lower,2,1
0),2,1
ğœƒ3=,2,1
think,2,1
generally,2,1
7-DoF,2,1
forward,2,1
Near,2,1
multivariable,2,1
"30,ï±ï°ï€½",2,1
=>,2,1
0ï±ï€½,2,1
derivative,2,1
[4],2,1
[7],2,1
"50,ï±ï°ï€½",2,1
our,2,1
Wrist,2,1
A4,2,1
A5,2,1
A6,2,1
z,2,1
by:,2,1
joint-variables,2,2
behavior,2,1
JJJ,2,1
328,2,1
as:,2,3
column,2,1
feasible,2,1
327,2,1
C.,2,1
After,2,1
[8],2,1
Computation,2,1
6nï‚´,2,1
326,2,1
A3,2,1
A2,2,1
"Trans(0,",2,1
1:6,2,1
Transformation,2,1
analytical,2,1
column.,2,1
exists,2,1
selecting,2,1
allows,2,1
ï00,2,1
ï›,2,1
i=,2,1
A1,2,2
)i,2,1
)...,2,1
conclude,2,1
02,2,1
arms.,2,1
Inserting,2,1
fourth,2,1
three,2,1
Control,2,1
view,2,1
proper,2,1
assign,2,1
"2759*cos(t2)))/5000,",2,1
"1,",2,1
structure,2,1
using,2,1
"singularities,",2,1
control.,2,1
They,2,1
cos(t1)*((3*cos(t2,2,1
low,2,1
purpose,2,1
2.,2,1
very,2,1
convention,2,1
named,2,1
possible,2,1
1.,2,1
"(2759*sin(t2))/5000),",2,1
DOF,2,1
[1],2,1
"t3))/20),",2,1
"revolute,",2,1
lightweight,2,1
kg,2,1
advanced,2,1
-sin(t1)*((23*cos(t2,2,1
joints.,2,1
Each,2,1
With,2,1
therefore,2,1
arises,2,1
no,2,1
(43*sin(t2))/100,2,1
plots,2,1
1:,2,1
1)Links,2,1
Reza,2,1
Joint,2,1
discussion,2,1
determinants.,2,1
All,2,1
University,2,1
deriving,2,1
2:,2,1
2)D-H,2,1
links.,2,1
sin(t5)*((23*cos(t2,2,1
here,2,1
t3)*cos(t4))/200),2,1
how,2,1
attached,2,1
meet,2,1
"t3)*cos(t4))/200),",2,1
-cos(t1)*((23*cos(t2,2,1
one,2,1
system,2,1
(42*sin(t2,2,1
robots,2,1
under,2,1
solution,2,1
2250*cos(t2,2,1
sin(t1)*((3*cos(t2,2,1
literature,2,1
represents,2,1
high,2,1
so,2,1
(3*sin(t2,2,1
"t5))/400,",2,1
"Jacobian,",2,1
1994.,2,1
-sin(t2,2,1
force,2,1
introduced,2,1
denoted,2,1
through,2,1
schemes,2,1
survey,2,2
First,2,1
(9*cos(t2,2,1
dexterous,2,1
G.,2,1
only,2,1
(42*cos(t2,2,1
"WAM,",2,1
derivation,2,1
arm.,2,1
interconnection,2,1
industrial,2,1
DoFs.,2,1
axis,2,1
rotation,2,1
Manipulation,2,2
OUR.,2,1
"-sin(t1),",2,1
"cos(t1),",2,1
focus,1,1
behaviour,1,1
oscillatory,1,1
9:,1,1
"function,",1,1
narrow,1,1
cos(t5)*(cos(t1)*cos(t2)*sin(t3),1,1
But,1,1
other,1,1
324,1,1
Itâ€™s,1,1
"cos(t4)*sin(t1),",1,1
t3)*cos(t4)*sin(t5)],1,1
above,1,1
t3)*cos(t5),1,1
Signals).,1,1
"t3)*sin(t4),",1,2
=329,1,1
Singularity.,1,1
figure(9),1,1
(the,1,1
(7,1,1
makes,1,1
number,1,1
t3)*sin(t1)*sin(t4))/200,1,1
shows,1,1
"figure(8),",1,1
(43*cos(t2)*sin(t1))/100,1,1
frequencies,1,1
det(J11).,1,1
great,1,1
frequency),1,1
(23*cos(t1)*cos(t5))/200,1,2
(23*cos(t1))/200,1,1
(Same,1,1
(42*sin(t1)*sin(t2)*sin(t3))/125,1,1
t4)*sin(t1)*sin(t5))/200,1,1
dominant,1,1
7:,1,1
plotting,1,1
cos(t4)*(cos(t1)*sin(t2)*sin(t3),1,1
red,1,1
â€œdetâ€,1,1
5ï±,1,1
sin(t5)*(cos(t1)*sin(t4),1,1
145,1,1
"cos(t2)*cos(t3)*sin(t1)),",1,1
"wrist,",1,1
total,1,1
determinant.,1,1
sin(t4)*(sin(t1)*sin(t2)*sin(t3),1,1
cos(t1)*cos(t4),1,1
"t3)*sin(t1),",1,1
followed,1,1
simplified,1,1
"234,,ï±",1,1
det(J),1,1
168.0*sin(t2)),1,1
1.0*t3),1,1
is:,1,1
0.00014448*sin(t5)*(168.0*sin(t2,1,1
2.0*t3),1,1
2.0*t3,1,1
cos(t4)*(sin(t1)*sin(t2)*sin(t3),1,1
JACOBIANS,1,1
"t3),",1,1
2)Wrist,1,1
circle,1,1
range,1,1
angle,1,1
=326,1,1
cos(t1)*cos(t3)*sin(t2)),1,1
sin(t5)*(sin(t1)*sin(t4),1,3
Â°,1,1
8:,1,1
Narrowed,1,1
cos(t1)*cos(t2)*cos(t3)))],1,1
VII.,1,1
sets,1,1
det22,1,1
found.,1,1
-sin(t5),1,1
cos(t3)*sin(t1)*sin(t2))],1,1
singularities:,1,1
solving,1,1
cos(t5)*(cos(t2)*sin(t1)*sin(t3),1,1
cos(t2)*cos(t3)*sin(t1))),1,1
"Manipulators,",1,1
accuracy,1,1
300-301,1,1
0.1490*cos(t2)*cos(t3)^2),1,1
accordance,1,1
above.,1,1
Up-Left,1,1
"matrice,",1,1
"(23*cos(t4)*cos(t5)*sin(t1)*sin(t2)*sin(t3))/200,",1,1
names,1,1
(23*cos(t3)*cos(t5)*sin(t1)*sin(t2)*sin(t4))/200,1,1
az,1,1
(23*cos(t2)*cos(t5)*sin(t1)*sin(t3)*sin(t4))/200,1,1
(23*cos(t2)*cos(t3)*cos(t4)*cos(t5)*sin(t1))/200,1,1
(23*cos(t1)*sin(t5))/200,1,1
det11,1,1
Det11=,1,1
0.1117*sin(t2),1,1
120-121,1,1
0.0913*cos(t2)*cos(t3),1,1
0.1370*cos(t2)*sin(t3),1,1
0.074493*cos(t2),1,1
Mechatronics,1,1
0.0621*cos(t3)^2*sin(t2),1,1
0.1490*cos(t3)*sin(t2)*sin(t3),1,1
0.0621*cos(t2)*cos(t3)*sin(t3),1,1
sin(t1)*((42*sin(t2,1,1
"(42*cos(t1)*cos(t2)*cos(t3))/125,",1,1
t3)*cos(t1)*cos(t4))/200,1,1
t3)*cos(t1)*sin(t4))/200,1,1
understand,1,1
t4)*cos(t1)*sin(t5))/200,1,1
"A,",1,1
"(43*cos(t2))/100,",1,1
"t3))/125,",1,1
Singularity6,1,1
"choice,",1,1
overall,1,1
becomes,1,1
triangular,1,1
"case,",1,1
greatly,1,1
"simplified,",1,1
"t4),",1,1
product,1,1
determinants,1,1
diagonal:,1,1
cos(t1)*cos(t5)],1,2
)det(,1,1
)J,1,1
Jï€½,1,1
decouping,1,1
t4)*sin(t1)*sin(t5),1,1
achieved.,1,1
determining,1,1
"Singularities,",1,1
:,1,1
"t4)*sin(t1),",1,1
t4)*cos(t1)*sin(t5)],1,1
cos(t5)*sin(t1),1,1
"t4)*cos(t1),",1,1
of:,1,1
1)WAM,1,1
dependent,1,1
(42*cos(t1)*sin(t2)*sin(t3))/125,1,1
complicated,1,1
command.,1,1
where,1,1
equal,1,1
6:,1,2
3-D,1,1
plot,1,1
od,1,1
feterminant,1,1
To,1,1
"zero,",1,1
used.,1,1
calculates,1,1
"discretely,",1,2
1Â°,1,1
zero,1,1
steps.,1,1
10âˆ’6,1,1
(supposed,1,1
zero),1,1
cause,1,1
42,1,1
cos(t1)*((42*sin(t2,1,1
222,1,1
72-73-74-75-76-77-78,1,1
"(42*cos(t2)*cos(t3)*sin(t1))/125,",1,1
252-253-254-255-256-,1,1
t3)*cos(t4)*sin(t1))/200,1,1
257-258,1,1
figure(6),1,1
â€œMeshgridâ€,1,1
equation.,1,1
"written,",1,1
(23*cos(t5)*sin(t1))/200,1,1
(43*cos(t1)*cos(t2))/100,1,1
(23*sin(t1))/200,1,1
0.,1,1
â€œSolveâ€,1,1
Command,1,1
MATLAB.,1,1
"(23*cos(t1)*cos(t4)*cos(t5)*sin(t2)*sin(t3))/200,",1,1
"shows,",1,1
(23*cos(t1)*cos(t3)*cos(t5)*sin(t2)*sin(t4))/200,1,1
part.,1,1
>>,1,1
"solve(det11,t2)",1,1
ans,1,1
pi*k,1,1
(log(-(exp(t3*i)*2759*i,1,1
(23*cos(t1)*cos(t2)*cos(t5)*sin(t3)*sin(t4))/200,1,1
1500,1,1
2250*i)/(exp(t3*i)*2759*i,1,1
(23*sin(t1)*sin(t5))/200,1,1
exp(t3*2*i)*(1500,1,1
(23*cos(t1)*cos(t2)*cos(t3)*cos(t4)*cos(t5))/200,1,1
2250*i)))*i)/2,1,1
"answers,",1,1
making,1,1
Sure,1,1
Code,1,1
intersect,1,1
pure,1,1
"line,",1,1
"DoF,",1,1
"10,",1,1
meth,1,1
od.,1,1
Compared,1,1
"method,",1,1
computational,1,1
economical.,1,1
vol.,1,1
fast,1,1
track,1,1
formulating,1,1
"problems,",1,1
"utomation,",1,1
flexible,1,1
allow,1,1
"Robots,""",1,1
Isolated,1,1
Bifurcations,1,1
"""Differential",1,1
"Kieffer,",1,1
optimization,1,1
Denavit-Hartenberg,1,1
upon.,1,1
contro,1,1
l,1,1
[6],1,1
"Wellington,.",1,1
Victoria,1,1
constructed,1,1
tackled,1,1
Choosing,1,1
Computer,1,1
"â€“10,",1,1
W.,1,1
easily,1,1
2010.,1,1
any,1,1
"Systems,",1,1
pose.,1,1
Robots,1,1
Intelligent,1,1
physical,1,1
joint-angles,1,1
restrict,1,1
IEEE/RSJ,1,1
"Offsets,""",1,1
Link,1,1
poses.,1,1
analytically,1,1
7DoF,1,1
worked,1,1
Inverse,1,1
â€™cosineâ€™,1,1
type.,1,1
H.Y.K.,1,1
Lau,1,1
L.C.C.Wai,1,1
Solution,1,1
Analytical,1,1
"""An",1,1
studied,1,1
"Claassens,",1,1
"Science,",1,1
Statistics,1,1
H.Y.K,1,1
980,1,1
Do,1,1
"IEEE,",1,1
F,1,1
Proc.,1,1
"Mechanisms,""",1,1
"robot,",1,1
"Zlatanov,",1,1
SMOKIE,1,1
R.,1,1
"determinants,",1,1
detailed,1,1
1990.,1,1
Different,1,1
regions.,1,1
"â€“290,",1,1
281,1,1
CAD,1,1
3D,1,1
schematically.,1,1
XI.,1,2
EFERENCES,1,1
"Chains,""",1,1
Loop,1,1
Closed,1,1
"Gosselin,",1,1
[2],1,1
"Siciliano,",1,1
Modelling,1,1
2000.,1,1
thoroughly,1,1
identification,1,1
"Mathematics,",1,1
"â€“985,",1,1
effectively,1,2
School,1,1
no.,1,1
"Manipulators,""",1,1
ngularities,1,1
"""Si",1,1
"Donelan,",1,1
switch,1,1
appropriate,1,1
P.,1,1
suitable,1,1
[5],1,1
2001.,1,1
"â€“311,",1,1
301,1,1
"â€“Parallel,""",1,1
Serial,1,1
situations.,1,1
basis,1,1
computer-based,1,1
feedback,1,1
controlle,1,1
Composite,1,1
"Simaan,",1,1
r.,1,1
X.,1,1
M.,1,1
N.,1,1
CONCLUSION,1,1
Cartesian,1,1
circles,1,1
cos(t1)*cos(t2)*cos(t3)),1,1
yet.,1,1
CONFIGURATIONS,1,1
figures,1,1
(cos(t1)*(1500*sin(t2,1,1
Ï€),1,1
schematic.,1,1
10:,1,1
8,1,1
11:,1,1
"figures,",1,1
13:,1,1
14:OUR,1,1
12:,1,1
Shoulder,1,1
9,1,1
IX.,1,1
EDUNDAN,1,1
KINEMATIC,1,1
ALLOCATION,1,1
SCHEMES,1,1
FO,1,1
then,1,1
(IK),1,1
solutions,1,1
"Often,",1,1
IK,1,1
problems,1,1
solved,1,1
iteratively,1,1
methods,1,1
VIII.,1,1
discussed,1,1
pseudoinverse,1,1
multiple,1,1
sin(t4)*(cos(t1)*sin(t2)*sin(t3),1,1
donâ€™t,1,1
"t3)*cos(t1),",1,1
Because,1,1
"useless,",1,1
since,1,1
lot,1,1
situation,1,1
manipulation,1,1
should,1,1
avoid,1,1
them.,1,1
â€œsolveâ€,1,1
"MATLAB,",1,1
results,1,1
always,1,1
contains,1,1
"Springer,",1,1
answer.,1,1
intersections,1,1
would,1,1
"t3))/10,",1,1
happen,1,1
reality,1,1
"(2759*cos(t2))/5000,",1,1
singularity.,1,1
Also,1,1
UR5,1,1
properties.,1,1
rely,1,1
transpose.,1,1
"Lau,",1,1
Sad,1,1
Jonathan,1,1
Claassens,1,1
Upper,1,1
"control,",1,1
An,1,3
mechanics,1,1
Degrees,1,1
Freedom,1,1
robotics:,1,1
Introduction,1,1
"Craig,",1,1
offsets,1,1
[9],1,1
Singapore.,1,1
"2002,",1,1
obtain,1,1
"Vision,,",1,1
"Control,",1,1
Seventh,1,1
(both,1,1
"WAM,""",1,1
-based,1,1
"""A",1,1
in-,1,1
elbow,1,1
out-elbow),1,1
provided.,1,1
completely,1,1
determined,1,1
Singh,1,1
dle,1,1
slow,1,1
Giresh,1,1
sometimes,1,1
suffer,1,1
issues.,1,1
Redundancy,1,1
Allocation,1,1
select,1,1
optimal,1,1
-(sin(t1)*(1500*sin(t2,1,1
PPENDIX,1,1
XII.,1,1
10,1,1
combination,1,1
redundancy,1,1
degree,1,1
resource,1,1
2005.,1,1
while,1,1
"Hall,",1,1
maximizing,1,1
reliability.,1,1
unpredictable,1,1
varying,1,1
Pearson/Prentice,1,1
USA:,1,1
"environment,",1,1
researchers,1,2
"NJ,",1,1
"River,",1,1
scholars.,1,1
build,1,1
sin(b),1,1
according,1,1
consider,1,1
assuming,1,1
"study,",1,1
s.,1,1
freedom,1,1
degrees,1,1
designate,1,1
identify,1,1
stable.,1,1
guaranteed,1,1
unmatched,1,1
joint-torque,1,1
"joints,",1,1
motors,1,1
capability,1,1
direct-drive,1,1
rotational,1,1
6DOF,1,1
available,1,1
v,1,1
"paper,",1,1
GEOMETRIC,1,1
0.06,1,1
calculated,1,1
"coordinates,",1,1
assigning,1,1
H,1,1
D-,1,1
"procedure,",1,1
same,1,1
Exactly,1,1
Axis,1,1
"Links,",1,1
dimensions,1,1
ersion,1,1
robotic,1,1
commercially,1,1
non-local,1,1
"backlash,",1,1
cabled,1,1
patented,1,1
including,1,1
"systems,",1,1
cable-drive,1,1
aluminum,1,1
like,1,1
human-,1,1
(7-DOF),1,1
of-freedom,1,1
7-degree-,1,1
ğœ½ğŸ”B.,1,1
-0.145,1,1
0.336,1,1
0.145,1,1
"differential,",1,1
extremely,1,1
backdrivable,1,1
"friction,",1,1
highly,1,1
3.,1,1
trajectory,1,1
precision,1,1
"techniques,",1,1
"(WAM),",1,1
implementing,1,2
platform,1,1
ideal,1,1
performance.,1,1
bandwidth,1,1
contribute,1,1
characteristics,1,1
transmissions.,1,1
stiff,1,1
Direct,1,1
were,1,1
homogeneous,1,1
pï€­ï€­ï€½,1,1
OiJ,1,1
PiJ,1,1
Jïƒ©ïƒ¹ï€½ïƒªïƒºïƒ«ïƒ»,1,1
OJ,1,1
6p,1,1
).,1,1
66ï‚´,1,1
vectors.,1,1
31ï‚´,1,1
partitioned,1,1
matrice,1,1
showed,1,1
by-step,1,1
step-,1,1
define,1,1
11()Pi,1,1
Oi,1,1
(ğ‘‡ğ‘’ğ‘(ğ‘)),1,1
iJzï€­ï€½,1,1
INEMATIC,1,1
K,1,1
IV.,1,1
1Tzï€½,1,1
zï€­,1,1
neede,1,1
Vectors,1,1
5:,1,2
1Tpï€½,1,1
pï€­,1,1
nT,1,1
elements,1,1
Figure(5),1,1
"reference,",1,1
Base,1,1
(n=6),1,1
consist,1,1
Both,1,1
variables.,1,1
differential,1,1
goal,1,1
Kinematicsâ€,1,1
â€œDifferential,1,1
frame.,1,1
"effector,",1,1
x,1,1
(n,1,1
qTqïƒ©ïƒ¹ï€½ïƒªïƒº,1,1
1b,1,1
)(),1,1
2017ï€ ,1,1
Abstract,1,1
base.,1,1
describes,1,1
relationship,1,1
described,1,1
"matrix,",1,1
pv,1,1
ïƒªïƒºïƒ«ïƒ»,1,1
ïƒªïƒº,1,1
ïƒ©ïƒ¹ï€½,1,1
ï‚´ïƒ©ïƒ¹,1,1
ï·ï‚´ï‚´,1,1
qJ,1,1
OnnJ,1,1
depends,1,1
n,1,1
)()Pn,1,1
1)(3,1,1
ï·,1,1
tend,1,1
"total,",1,1
0.43,1,1
â€”,1,1
presented,1,1
Tennessee,1,1
Abdolmalaki,1,1
Yazdanpanah,1,1
schematic,1,1
Next,1,1
specified.,1,1
limits,1,1
Then,1,1
shedlight,1,1
jacobians,1,1
avoided.,1,1
identifying,1,1
must,1,1
So,1,1
solutions.,1,1
infinite,1,1
es,1,1
"Knoxville,",1,1
called,1,1
TN,1,1
"rotary,",1,1
solely,1,1
considered,1,1
chain.,1,1
form,1,1
connected,1,1
composed,1,1
computer,1,1
operating,1,1
Manipulators,1,1
II.MANIPULATORS,1,1
ryazdanp@vols.utk.edu).,1,1
(e-mail:,1,1
USA,1,1
37996,1,1
anymore.,1,1
arbitrary,1,1
"reduced,",1,1
mobility,1,1
version,1,1
discusses,1,1
HIS,1,3
INTRODUCTION,1,1
I.,1,2
"Robot,",1,1
â€”Geometric,1,1
Terms,1,1
Index,1,1
provided,1,1
Schematic,1,1
determinent.,1,1
Jâ€™s,1,1
deficient,1,1
rank-,1,1
modelling,1,1
project,1,1
here.,1,1
rank-deficient.,1,1
At,1,1
manipulation.,1,1
topic,1,1
important,1,1
Avoiding,1,1
Singularities.,1,1
reveals,1,1
having,1,1
analysis,1,1
matrice.,1,1
"systematic,",1,1
procedure,1,1
follow,1,1
"parameters,",1,1
also,1,1
"joint,",1,2
transformations.,1,1
Starting,1,1
DH-convention,1,1
commonly,1,1
Dimensions,1,1
"links,",1,1
capability.,1,1
~180Â°,1,1
âˆ’180Â°,1,1
other.,1,1
consecutive,1,1
connects,1,1
consists,1,1
azdanpanah,1,1
Y,1,1
tt,1,1
Barre,1,1
defines,1,1
inertial,1,1
"ğ‘ğ‘–,",1,1
"frame,",1,1
basic,1,1
ğ‘¡ğ‘œ,1,1
âˆ’,1,1
transforms,1,1
ğ‘›],1,1
"[1,",1,1
âˆˆ,1,1
defined,1,1
ğœƒğ‘–,1,1
"ğ›¼ğ‘–,",1,1
"ğ‘‘ğ‘–,",1,1
"ğ‘ğ‘–,",1,1
every,1,1
assigned,1,1
additional,1,1
Derivation,1,1
6-DoFs.,1,1
designed,1,1
standard,1,1
Robots.,1,1
manufactured,1,1
6-DOF,1,1
"low-cost,",1,1
section.,1,1
(WAM),1,1
Manipulators:,1,1
adjacent,1,1
displacement,1,1
relative,1,1
represent,1,1
"qi,",1,1
"variables,",1,1
li+1.,1,1
li,1,1
weight,1,1
18.4,1,1
reach,1,1
modularized,1,1
requirements.,1,1
DoFs,1,1
4-7,1,1
reconfigure,1,1
users,1,2
enables,1,1
â€™s,1,1
85,1,1
performance,1,1
comparable,1,1
cost,1,1
payload,1,1
maximal,1,1
cm,1,1
While,1,1
implications,1,1
"4,5",1,1
"T2(1:3,3);",1,1
"A1(1:3,3);",1,1
z1=,1,1
[0;0;1];,1,1
z0=,1,1
zi,1,1
create,1,1
computing,1,1
A1*A2*A3*A4*A5*A6;,1,1
T6=,1,1
A1*A2*A3*A4*A5;,1,1
T5=,1,1
A1*A2*A3*A4;,1,1
T4=,1,1
A1*A2*A3;,1,1
T3=,1,1
z2=,1,1
z3=,1,1
T2=,1,1
"T3(1:3,3);",1,1
simplify,1,1
"program,",1,1
E.,1,1
"P=T6(1:3,4);",1,1
"p5=T5(1:3,4);",1,1
"p4=T4(1:3,4);",1,1
"p3=T3(1:3,4);",1,1
"p2=T2(1:3,4);",1,1
"p1=A1(1:3,4);",1,1
p0=[0;0;0];,1,1
pi,1,1
"T5(1:3,3);",1,1
z5=,1,1
"T4(1:3,3);",1,1
z4=,1,1
A1*A2;,1,1
%Creating,1,1
arise,1,1
"-0.45,pi/2,0,t3);",1,1
"-pi/2,0,t1);",1,1
-H,1,1
D,1,1
code.,1,1
manually,1,1
insert,1,1
];,1,1
c;,1,1
round(cos(b)),1,1
a*sin(d);,1,1
cos(d)*sin(b),1,1
cos(d)*round(cos(b)),1,1
sin(d),1,1
a*cos(d);,1,1
sin(d)*sin(b),1,1
"Trans(0.5518,0,0,t2);",1,1
"-pi/2,0.3,t4);",1,1
T6.,1,1
"Trans(0,pi/2,0,t5);",1,1
Aee0,1,1
"them,",1,1
postmultiplying,1,1
Aiiâˆ’1,1,1
transfer,1,1
creating,1,1
"Trans(0,0,0.115,t6);",1,1
"Trans(0,pi/2,0.115,t5);",1,1
"pi/2,0.115,t4);",1,1
"Trans(0,-",1,1
"-0.145,t3);",1,1
"Trans(0.336,0,",1,1
"Trans(0.43,0,0.145,t2);",1,1
"Trans(0,pi/2,0,t1);",1,1
"Trans(0,0,0,t6);",1,1
concise,1,1
equations.,1,1
blocksâ€™,1,1
ïƒª,1,1
ïƒ¹ï€½ï€½ïƒª,1,1
ïƒ©,1,1
ïƒ¹,1,1
Jïƒ©,1,1
220,1,1
12,1,1
Jacoubian,1,1
zeo,1,1
up-right,1,1
choosing,1,1
axes.,1,1
intersection,1,1
convenient,1,1
"kinematics,",1,1
frames,1,1
ïƒº,1,1
ïƒºïƒ«,1,1
computed.,1,1
ïƒ«,1,1
"3,",1,1
Frames,1,1
matter,1,1
"3,4,5,",1,1
"Zi,",1,1
wippï€­,1,1
ğŸ,1,1
Editet,1,1
60dï€½,1,1
fact,1,1
change.,1,1
table,1,1
line,1,1
last,1,1
"),",1,1
depend,1,1
do,1,1
typical,1,1
wrist.,1,1
z3,1,1
z2,1,1
z1,1,1
z0,1,1
-p5);,1,2
"-p4),cross(z5,P",1,1
"cross(z4,P",1,1
"-p3),",1,1
"-p2),cross(z3,P",1,1
"cross(z2,P",1,1
"-p1,",1,1
"-p0),cross(z1,P",1,1
"[cross(z0,P",1,1
simplify(,1,1
J=,1,1
z4,1,1
z5,1,1
]),1,1
det11=simplify(det(J11));,1,1
anthropomorphic,1,1
program,1,1
running,1,1
SINGULARITIES,1,1
VI.,1,1
det22=simplify(det(J22));,1,1
det00=simplify(det(J));,1,1
(3*3),1,1
Calculation,1,1
simpler.,1,1
help,1,1
Simplify,1,1
"J22=J(4:6,4:6);",1,1
"J11=J(1:3,1:3);",1,1
sin(d)*round(cos(b)),1,1
"(ICROM),",1,1
cos(d),1,1
loss,1,1
"image,",1,1
dimension,1,1
reduces,1,1
drop,1,1
literature.,1,1
robotics,1,1
referred,1,1
i.e.,1,1
"velocities,",1,1
generalized,1,1
conversion,1,1
freedom:,1,1
1)Loss,1,1
[5]:,1,1
reasons,1,1
representing,1,1
degrees.,1,1
posture,1,2
2)Workspace:,1,1
associated,1,1
usually,1,1
types,1,1
topological,1,1
numbers,1,1
regions,1,1
separate,1,1
Interior,1,1
case.,1,1
converse,1,1
though,1,1
"mapping,",1,1
necessarily,1,1
"workspace,",1,1
boundary,1,1
several,1,1
perspective,1,1
engineering,1,1
importance,1,1
distinction,1,1
kinematics).,1,1
(inverse,1,1
articular,1,1
defining,1,1
constraint,1,1
those,1,1
fully,1,1
whereas,1,1
"interest,",1,1
mapping/forward,1,1
derivative.,1,1
deficiency,1,1
phenomena,1,1
local,1,1
classes,1,1
was,1,1
recognized,1,1
Simaan,1,1
â€“parallel,1,1
serial/in,1,2
hybrid,1,1
analyze,1,1
ideas,1,1
Shoham,1,1
al,1,1
Gosselin,1,1
et,1,1
Zlatanov,1,1
refined,1,1
subsequently,1,1
[2]and,1,1
Angeles,1,1
change,1,1
some,1,1
theta),1,1
CODE,1,1
characteristics.,1,1
specific,1,1
possessing,1,1
aspect,1,1
Another,1,1
effector.,1,1
fine,1,1
capacity,1,1
load-bearing,1,1
realised,1,1
small,1,1
movement,1,1
large,1,1
"configuration,",1,1
advantage:,1,1
V.,1,1
EXPLANATION,1,1
componen,1,1
written,1,1
d,1,1
alpha,1,1
(a,1,1
Homogeneous,1,1
"Tehran,",1,1
"a,b,c,d",1,1
"Iran,",1,1
],1,1
5th,1,1
Trans.m,1,1
output:,1,1
iAï€­,1,1
1i,1,1
Input,1,1
Matlab,1,1
4)Mechanical,1,1
near,1,1
torques,1,1
forces,1,1
path,1,1
traverse,1,1
require,1,1
Rate,1,1
manipulators.,1,1
variety,1,1
control:,1,1
3)Loss,1,1
[6].,1,1
workspace,1,1
information,1,1
valuable,1,1
provides,1,1
knowledge,1,1
t,1,1
rate,1,1
determine,1,1
required,1,1
become,1,1
intolerable,1,1
well-adapted,1,1
"algorithms,",1,1
"Conversely,",1,1
great.,1,1
unsustainably,1,1
accelerations,1,1
means,1,1
fails,1,1
either,1,1
conditioned,1,2
ill-,1,1
"singularity,",1,1
(known),1,1
t4)*sin(t5)],1,1
